index,OFFER,CATEGORY,UNIQUE_ID
0,"Beyond Meat® Plant-Based products, spend $25",{'Plant-Based Meat'},123d78ea5472c9c4afec10c33eb22a84d80d8f7a950442e3fe3fcb589c2c12d0
1,"Beyond Steak™ Plant-Based seared tips, 10 ounce at Target",{'Plant-Based Meat'},3021c456e68cc2a01c281e145f06d1135cd5599c15c4da00bdd1e9b7bb30915b
2,"Beyond Steak™ Plant-Based seared tips, 10 ounce, buy 2 at H-E-B",{'Plant-Based Meat'},ff63bcf3bcffa2e446e17a2261b9b5ffce1e4999bf8b7668237641ecee241d85
3,"Beyond Steak™ Plant-Based seared tips, 10 ounce at H-E-B",{'Plant-Based Meat'},c04affd30e6375a968ddd8651af1b07e3b3ff26093a1a9edeb55d50d62906622
4,"Beyond Steak™ Plant-Based seared tips, 10 ounce, buy 2 at Target",{'Plant-Based Meat'},d9f5e1b95bef1882aca840107e87ab6fbf9414e926298f53f9d6a19b50d49f83
5,"Beyond Meat® Plant-Based products, spend $15",{'Plant-Based Meat'},9a04bf7da8b53b909d7d5aebc358d93169580c54c83bef1847b8a0f495c62bc2
6,"Beyond Meat® Plant-Based products, spend $20",{'Plant-Based Meat'},c0945cc34de7635d60bdd9053f30b0cb31cd92d33c395c5a3659b83338e8edbd
7,Good Humor Viennetta Frozen Vanilla Cake,{'Frozen Desserts'},b5710ee1a2b3cc0fc3009f34f8571c37c6d63635609f3d96935531e3a489b5c3
8,"Reese's Peanut Butter Bar, 6 count, at GIANT OR MARTIN’S",{'Frozen Desserts'},3927015270264742327a0e678eb4dff7e43c0a337ca69867dd6d55ec4b1290a2
9,"Butterball, select varieties, spend $10 at Dillons Food Store","{'Nut Butters & Jam', 'Frozen Turkey'}",c2363f43f91a25ceaa5d03e579f297438d55f0750f03768934927edd9bb7eb68
10,"Butterball, select varieties, spend $10 at Ralphs","{'Nut Butters & Jam', 'Frozen Turkey'}",7adba79df1175b2518584f570372a4491f849e7f42303323267b862af9573f92
11,"Butterball, select varieties, Spend $10 at Ruler Foods","{'Nut Butters & Jam', 'Frozen Turkey'}",0843e02e9b9da418accf322c50215d14519f1791b78f21c907186087afaffa9a
12,"Butterball, select varieties, spend $10 at King Soopers","{'Nut Butters & Jam', 'Frozen Turkey'}",93afbc01a151782578aff0bacef2c6903ce2eada12f71f77474c0c317741890f
13,"Butterball, select varieties, spend $10 at Fred Meyer","{'Nut Butters & Jam', 'Frozen Turkey'}",dd48bac4058667a071cfc6023712d231cc04bf4d5337e4c54749ea308dd3d0ea
14,"Butterball, select varieties, spend $10 at Kroger","{'Nut Butters & Jam', 'Frozen Turkey'}",1a63e1d0601a16151feda29cb20964ca444fcaf70d347824af547623c82272df
15,"Butterball, select varieties, spend $10 at Smith's","{'Nut Butters & Jam', 'Frozen Turkey'}",8a5787820fe5c48ee3585e3c32ba762241433dc80b851fe2c276ec8527201b0c
16,"Butterball, select varieties, spend $10 at Food 4 Less","{'Nut Butters & Jam', 'Frozen Turkey'}",27776c630d003f1fa71358183030c077414849f367a36665de948029b8ce46cc
17,"Butterball, select varieties, spend $10 at Fry's Food Store","{'Nut Butters & Jam', 'Frozen Turkey'}",aeb0ea729bb46822c309741d75a14d72ce805843aedff3f2a1782479d5fee3a3
18,"Butterball, select varieties, spend $10 at QFC","{'Nut Butters & Jam', 'Frozen Turkey'}",8227f378feb3de49aa4d5a61f408cd4190e43838dafc237e82283f4ed5538405
19,"Butterball, select varieties, spend $10 at Mariano's","{'Nut Butters & Jam', 'Frozen Turkey'}",86187ecbc16605a504760d1aaf6957aacda22e1bdcb8da2417b1aadec768140d
20,"Butterball, select varieties, spend $10 at Pick 'n Save OR Metro Market","{'Nut Butters & Jam', 'Frozen Turkey'}",6a555308e4f4eec4fdf9f2e41ae3323c23fa100261f730f52185659e41a4890e
21,"GATORADE® Fast Twitch®, 12-ounce 12 pack, at Amazon Storefront*",{'Sports Drinks'},0dd3793755deff89ba5ebd88ad485c9bf78904aa81367802cbf9eb0b0aa7ce3b
22,"GATORLYTE® OR GATORADE™ Fit Single Serve Bottle, select varieties, buy 2","{'Meal Replacement Beverages', 'Sports Drinks'}",524a8798a5f3e829acfd60bb57e486fc8d0830d19d5f8917039827c0e3dac537
23,"GATORADE® Fast Twitch®, 12-ounce single serve, buy 2 at Kroger",{'Sports Drinks'},fe91b4129b4d8158ab114232e979270240f66712e1eb5141966b0544aa222218
24,"GATORADE® Fast Twitch®, 12-ounce single serve","{'Meal Replacement Beverages', 'Sports Drinks'}",ce1b5a5a1000d6fb389a1ce0eceea59aea03675d7c0125cc238d539030c94427
25,"GATORADE® Fast Twitch®, 12-ounce single serve, at Kroger",{'Sports Drinks'},aa82b0ae428773664922ade8a457c01da204eff5a16f597367a72c1fc299bc16
26,"GATORLYTE® OR GATORADE™ Fit Single Serve Bottle, select varieties","{'Meal Replacement Beverages', 'Sports Drinks'}",f0383b00e4524e7a5e0119cb1fcb1b8eeedca7bb6ee4ee1f00959439b98601b6
27,Emmy's Organics® Cookies OR Brownie Snaps,{'Cookies'},54f4d8ea92b8c54fa47254645fdf26b795149e174572595a0267c156a179c666
28,"Dr Pepper®, Regular OR Zero Sugar Strawberries and Cream 12 pack, at select retailers",{'Carbonated Soft Drinks'},a55ed3c1373bdddeb36b745abe6458e3bee9096b79b2e1011cd5702ac641a8c9
29,"Arnold, Brownberry, Oroweat® Small Slice bread, at Walmart",{'Bread'},32d0aad9293be765f78797a4021c4b68d898d3382b6bbefe0ebacd5bb258ffda
30,"Arnold, Brownberry, Oroweat® Keto bread, buy 2",{'Bread'},418ad2645075f3ac2a7af6056b02bb705797104790f81a767698db17f4b4aa10
31,Arnold® Grains Almighty,"{'Bakery', 'Prepared Meals', 'Bread'}",320e9c215a10e43ad1cf4462a89f595ac9cb7f75f66582a20c895f61666282f6
32,Barilla® Pesto Sauce,{'Pesto Sauce'},d4aa7c56fabfd360ea09c5c0fc61cb864ca30e3d3075b7bb8dba3b242a91b515
33,"Barilla® Pasta, select varieties, buy 2","{'Dry Pasta', 'Red Pasta Sauce'}",5b909b61fdfd3693a4d996befe4dfa8df2abb3a50b3bd47e2bc60a02b0c3969e
34,"Barilla® pasta, select varieties, buy 3","{'Dry Pasta', 'Red Pasta Sauce'}",d01d4b78492e5576e6eeaa1a66a82ac239c775f7fa371763ef876ba036135495
35,"Barilla® pasta, select varieties, buy 4","{'Dry Pasta', 'Red Pasta Sauce'}",1409b4b625ee55edbaf5948165eb8327458beb7224a9814944d1fb10bc041f93
36,"Barilla® pasta, select varieties, buy 2","{'Dry Pasta', 'Red Pasta Sauce'}",5211d8ae8a1a8c65ee5609f1b8258c964941a85dc748cb1406388c48c74f79d0
37,"Any General Mills™ products, buy 2
Good Rewards Members Only","{'Cereal, Granola, & Toaster Pastries'}",59f58f930b18294a41ae89ef360525e8e6ddb3de867aae84df413a4e64b2232d
38,"General Mills™ products, select brands, spend $35",{'Refrigerated Doughs'},d4c79a4a0b684fcf3e38b6f3c63aac93bfe30e5b264677b375073eda6c1dec6d
39,"General Mills™ products, select brands, spend $7 at Convenience Stores","{'Cereal, Granola, & Toaster Pastries'}",6adb10d656eec857f49f58dd6035736b64dbfc475b40540bc79f4fc2b061419c
40,"General Mills™ products, select varieties, spend $12",{'Refrigerated Doughs'},936fee338b73d87c79a6a36530d3db62532c69457245083493caa3d58af43f4a
41,Egglife Egg White Wraps at Aldi,{'Eggs'},9c40b77b242dfea0029d01fc5334e348dc07c7e012defa5305e737757a8944f8
42,"DOVE® Chocolate, select sizes, buy 1",{'Candy'},1c780a4b7d31230df198621506be3e62b73d52d37b46abe712192689d565db82
43,"DOVE® chocolate, select varieties",{'Candy'},19efdddf043d34b217acf97b5277062ee57649d6ff0c484cb58a6d0d093c18f9
44,Hellmann's® OR Best Foods® Garlic Aioli OR Spicy Mayonnaise,{'Condiments'},83901d154cb80cf0265e2a24dbad2048a5e6c5c91e81bab4f427c396b41734d6
45,Hellmann's® OR Best Foods® AND Sargento® Cheese Slices,"{'Condiments', 'Dressings'}",3cd973edab185ce683e155093ba940c4b4211773d8a6d77a4bd7c1b67d2d52cb
46,Hellmann's | Best Foods Vegan Dressing or Spread,{'Dressings'},ae082da1580cd75ea9dbef02643bc57fdd1d0ac4247177956743fae03122102b
47,"M&M'S®, select sizes, buy 1",{'Candy'},3da03f95a50f81e3c4aa1021f912a78164cd60fcd8b8aee7aeb411c614d857d3
48,"M&M'S® chocolate candies, select varieties",{'Candy'},d0c92ca3624be2aebf53164886b406cc468284643c6b751210d179ced748f370
49,Red Gold Tomato Ketchup,{'Condiments'},aa7f22c5b69222b37dec2e6561f6e02786f6797086cc63569dae6e1d5f64f76e
50,Red Gold Tomato Juice,{'Drink Mixes'},53cddb57f7ed7d07a49f923c7c1bbce904f71cece6d3a9d186185c3538bda419
51,Gillette Venus ® for Pubic Hair & Skin spend $20,{'Hair Removal'},9d3723b1062568c5b5ac6f61aa728d59982f8cb0bbcf3490f47bcde54b8f0ba6
52,Gillette Venus ® for Pubic Hair & Skin,{'Hair Removal'},20b88a60c0f8cf9b4170f9e17fd34543eaa12b1b037247820dcf09bfef8fca2c
53,"Gillette Venus ® for Pubic Hair & Skin, spend $20",{'Hair Removal'},a46224b816f3328c0a448642bb7c6d1e90c87d75080c0d4341c59dc0a55b6f1b
54,"L'Oréal Paris Hair color, select varieties, spend $19 at Target",{'Hair Care'},eb466c97b6f889295f1814ca628f02cf6259530c6ed1d3f5e0ef75aeabc2791c
55,"L'Oréal Paris Men Expert hair color, spend $19 at Walmart",{'Hair Care'},de5d238fb976dd542838b015135c2d32ca4a0cb0caf2fbc1454cd885c2e06569
56,"L’Oréal Paris Men Expert hair color, spend $9 at Walmart",{'Hair Care'},03f6769a1c23620ea937afab4432eff896cfe4d5d77e60fead69ea279e8e45b5
57,L'Oréal Paris Excellence Hair Color at Target,{'Hair Care'},0074c9f65ffdc3b75bd60137aedca2ea5f5abd47fc74b97c71395a625025b50f
58,"L'Oréal Paris Hair color, select varieties, spend $25 at Target",{'Hair Care'},629df0ed924c56e65d69dee30f6eb5e984ba594bb5452eb2fb886d4eaa923a29
59,"L'Oréal Paris Hair color, select varieties, spend $9 at Target",{'Hair Care'},7d558870e1905d7e2ba010680f045e01b32b668e3c0efc543ce10686a72ca216
60,Simply Spiked™ Lemonade 12 pack+,"{'Hard Seltzers, Sodas, Waters, Lemonades & Teas', 'Malt Beverages'}",a40770757109c80c5680db48dff2aa0344ba371177447b634235baf6c66a0ccc
61,"Simply Spiked™ Signature Peach 12-pack or larger, buy 2","{'Hard Seltzers, Sodas, Waters, Lemonades & Teas', 'Malt Beverages'}",318238b9d4e19731c2dec82f29382867360143810a7fa5ad0d837cc36869dda8
62,Simply Spiked™ 12 pack+,"{'Hard Seltzers, Sodas, Waters, Lemonades & Teas', 'Malt Beverages'}",5684d9b207fe2d4c4f95c5e99a6cae35a22cff28f527a3e6346ed292e6a1132a
63,Simply Spiked™ Signature Peach 12 pack+,"{'Hard Seltzers, Sodas, Waters, Lemonades & Teas', 'Malt Beverages'}",f077d01356d749bb14456f7ca7821b9900abe7833bea59f94a06a78f7f543528
64,"Gorton's, at select retailers",{'Jerky & Dried Meat'},8546dbebd78c19309750fa13047f0243fbc3d5781e4d6989f48d3a2a7d7d02c6
65,"Gorton's Air Fried Butterfly Shrimp, at Walmart","{'Frozen Meals', 'Frozen Seafood'}",9fcc7f96594feb440f47a9454c1b6e20998a7065b4aedaa1b7cbb663302b8792
66,Gorton's at select retailers,{'Jerky & Dried Meat'},2b8c3017e7a82d2ad12a398fa02a66d231591b44005c5a70d71b1ddc7fc136aa
67,"Flonase Allergy Relief, at Walmart",{'Medicines & Treatments'},6527ce88fb8e98a477506467109453ae06f44f9c8f285c0f7399077cf7f28b89
68,"CESAR® Wet Dog Food, spend $20",{'Dog Supplies'},523434bfd67a985b183a5d8856d448e8762ce6473061023949926ec9244e2c3b
69,CESAR® Wet Dog Food Singles,{'Dog Supplies'},d42aea4ec941a92293be5330c3c2d8c8129590c5906f68b2097d6b8d7cdbb6c6
70,"TWIX®, select sizes","{'Candy', 'Cookies'}",7acffffcaafcd79b137a4096285e9a7b4fe737c1618f3b8f0219f33817fe074f
71,"TWIX®, select varieties","{'Candy', 'Cookies'}",589954861b3649b5fc9d4f47f1fa13fb0caf19b62f7ad17b6a7535b8cb604332
72,"Hidden Valley® Ranch Salad Dressing OR Secret Sauce, select varieties","{'Sauces & Marinades', 'Dips & Salsa'}",97f9190abe8bf4d7a03f6d952ed261a5c2184f581f465222ac073da6f76da49b
73,"Hidden Valley® Ranch Seasoning Mix Packet, 1 count","{'Sauces & Marinades', 'Cooking & Baking', 'Dips & Salsa'}",004514b16b3c1913f5fa245d0343dc6ea04f24f5fa5584b984e8dd234a991dd0
74,"Hidden Valley® Ranch Seasoning, select varieties","{'Sauces & Marinades', 'Cooking & Baking', 'Dips & Salsa'}",36051fe930e2d918f0f2c1bef1e7b64b760535ea4b6ee74bfa5d7b3f3e8c3e86
75,Hidden Valley® Ranch Seasoning Shaker,"{'Sauces & Marinades', 'Cooking & Baking'}",57062d569b243600946a89560111f7e05c01d74485490bf6cd84a5a2798c0fa1
76,"Hidden Valley® Ranch Night Seasoning Mix, 1 count","{'Sauces & Marinades', 'Cooking & Baking', 'Dips & Salsa'}",3a82e2b62d208d6f3b2cad4db3ae84d32dd871af28863e17e43227c3d743655b
77,"Cooked Perfect® Meatballs, at Walmart",{'Frozen Chicken'},534e1017dd7cef5f685c613776f3cf726bff99322b636afff5e2daa01f6f12e7
78,"Cooked Perfect® Meatballs, Homestyle OR Turkey, at Walmart",{'Frozen Chicken'},f8e8b6361022eefc8228b5082dc11f21e593de91c2df44176c701385f55a139b
79,"Perfect Keto Barista Blend Collagen & MCTs, online at Amazon",{'Medicines & Treatments'},6c46e5532d8e295bdf9a36061e921d9d45b392d2364acd9b014e2efd13d5dca0
80,"Perfect Keto Beauty + Sleep Collagen, online at Amazon","{'Medicines & Treatments', 'Nuts & Seeds'}",4e7660624d1b81878749bb508580ff87ba0c1f3746b20962e53001e42cd206fc
81,"Perfect Keto Bars, online at Amazon","{'Medicines & Treatments', 'Nuts & Seeds'}",2717ed1d98d4b1818f4b34ee85ad104fd9338f1dbd58684e67a82b2c19fa41f7
82,"Perfect Keto Collagen Peptides, online at Amazon","{'Medicines & Treatments', 'Nuts & Seeds'}",b8c804e002388b2f939ffbb4ece2cb443da8b202c4f873ff62e37b2e4ec28bea
83,"Perfect Keto MCT Oil Powder, online at Amazon",{'Medicines & Treatments'},6e006de939b3da73f088d82c52fda045cb05ec5d15ad34beb173ffd8badb90f5
84,"Perfect Keto Super Reds, online at Amazon","{'Medicines & Treatments', 'Nuts & Seeds'}",a9ac7a7b1a4174c96ccd0542e12f6e7bdc039d12499b9c4301fbd7931a076491
85,"Perfect Keto Exogenous Ketones Powder, online at Amazon","{'Medicines & Treatments', 'Nuts & Seeds'}",9ff3a7478f0c011c8b4f4d21071e848859c2edc4bb750814bb1f66a53ef9a873
86,"Crunchmaster® Crackers, spend $4",{'Crackers'},6123e77b64ebff935b17212d2e3b4e154284e3bda7ae552c51121e83879d99c6
87,"Tyson Products, select varieties, spend $20 at Sam's Club","{'Frozen Beef', 'Packaged Meat'}",fedcf35e098a7fe25a48beda378ae572d6048fc57c547180a9094400c1c4a797
88,"L'Oréal Paris Makeup, spend $35 at Target",{'Makeup'},5288d138a654533706644904a66d7447afe91f5d371021873fb5bdb724383514
89,"L'Oréal Paris Makeup, spend $30 at Target",{'Makeup'},f022122e80848640bd7bec9f411509f7ffe7c0d82eb7a8fa145e73470622b249
90,L'Oreal Paris True Match Foundation at Target,{'Makeup'},902110e2739e4681e571396ad9a9d2dcb5543f25f329610ab2be8ab0dc64dc04
91,L'Oréal Paris True Match Foundation at Target,{'Makeup'},84779b6f84d895e0b49d2dd7ddd576e5e52c8dffdc33f6e5d737a84e8d763a25
92,"Chosen Foods® Mayo, select varieties",{'Condiments'},c30ab091cdb4ca84ec558ad49d415395678b6db733b341fa08c4218fa722d897
93,Chosen Foods® Dressings,"{'Condiments', 'Dressings'}",6640a55d5e9734d024a6734d0e2961b3d4b98d3ae73c9170460cf855bffbeb2b
94,"Wine from TheBarrelRoom.com, spend $30",{'Wine'},0b3738d9a5e7a960354154ff57fe73787e08caaf7878b87daa5d46eb6a00dd4f
95,"PepsiCo® Beverage, 7.5-ounce 10 pack, select varieties, at Amazon Storefront*",{'Carbonated Soft Drinks'},b056862db6c698f68117ff0d74fb5d238f0e8e5727988222106b199e7fcb77f1
96,"PepsiCo® Variety Pack, select varieties, at Amazon Storefront*",{'Carbonated Soft Drinks'},89ea03dcc9fbfda69af965636b277e5f7292e336c1c0c6b12abc51e133c8fdc1
97,"Sara Lee® bread, select varieties, buy 2 at Walmart®",{'Bread'},7c31afd8f04bb9bacef7fd37a6dfda39b9725a4e9e3898c40656fd26a912ac09
98,"Sara Lee® bread select varieties, buy 2","{'Bakery', 'Bread'}",4f3799b2b35ebc0a1abbf8156e1e3e5bd7f32378182d42df360979b083a8af6d
99,"Sara Lee® Delightful bread, buy 2",{'Bread'},2ca62aab320448306e6a99388e75fd6949b03c8d1ca06f43e13f030b06deff16
100,"Sara Lee® or Alfaros® Artesano bread, buy 5",{'Bread'},028c1cae3cd9fb05d99d3161ac0d22e54854994a5e15e04d2d7e32fbf38a6702
101,"Sara Lee® or Alfaros® Artesano bread, spend $8","{'Bakery', 'Bread'}",6677e6a4fa99d96bc912a8da5936396d03203cc9a365055e1d97fde6cf830ab3
102,"Sara Lee® or Alfaros® Artesano bread, buy 2",{'Bread'},2041f2ae639945c42d80a3e6d0960a6fd144512e563842f9a2e90f127e43db56
103,"Sara Lee® or Alfaros® Artesano bread, spend $20","{'Bakery', 'Bread'}",68078f765d337a81f26cc133babb74fbd5c7f26b0262c9b8a24205bce2b4716d
104,"Bai® Antioxidant, 6 pack, buy 2 at Walmart","{'Drink Mixes', 'Fruit Juices', 'Water'}",2b19dcb1a25cc9e2ec139600b9c37d098de5319294a624e08795368dffde3628
105,"Bai® Antioxidant, 6 pack, at Walmart","{'Drink Mixes', 'Fruit Juices'}",2caa5882e5f871d4271d565df20e019efdd36f6f43b122ee5c41899d60387b2a
106,"Reese's Chocolate Cones, 8 count at GIANT OR MARTIN’S",{'Frozen Desserts'},dc2fbda7d59fb16c082841697ef9e45d8e1b4dffe36e231e87a80ca3ebad5cd9
107,"Klondike Cones, spend $10 at Walmart ",{'Frozen Desserts'},d306f37cd58e4258cce42e00a969f5ffdb3220aba6c4583068afda81074ff4fe
108,Klondike Cones at Walmart ,{'Frozen Desserts'},d703320f57577282f1f7739a0140879a587de9fe688b6f40a701cd89dea1cb90
109,"Back to the Roots Grow Seed Starting Pots OR Germination Trays, at Walmart or Target",{'Packaged Meals & Sides'},616e328c0e565ba4fc404c196eca6c570e02bce14ed04a75a4495f8fd86e2863
110,"Back to the Roots Soils, select varieties and sizes, at Walmart",{'Packaged Meals & Sides'},482aa70b7ee71bd420acd7328c7bbc59eb1fcc2774539e73826ff7c3734c2ab2
111,"Back to the Roots Dry Plant Food, 5 pounds, at The Home Depot",{'Packaged Meals & Sides'},1ef08e74842c7284f8c4b78b917aee36f644e1dd1ff58c0ec7e6bb949ca4b5e9
112,"Back to the Roots Garden Soil, 1 cubic foot, at Lowe's Home Improvement",{'Packaged Meals & Sides'},04dbacfcd440bc2b4338d5b649f4f8bd7b25092d63abdbf322b637b73482d0e2
113,"Back to the Roots Raised Bed Gardening Kit with Soil, Seeds and Plant Food, at Target",{'Packaged Meals & Sides'},0f3bfe7e25e051b5672c596829b96b8c70115dc98aaf4ceff26e9ed5a3298d3d
114,Back to the Roots Microgreens Grow Kit OR Seed Refill at Walmart,{'Packaged Meals & Sides'},042d8b9f3e70489bf9f412f4d7b4fbc37ca311b94ae77f11ed7808933b715348
115,"Back to the Roots Soils, select varieties and sizes, at Lowes",{'Packaged Meals & Sides'},8fded27f23ca25e1d8b62a4981e05027be5e2b61997ec493c15213b2a16ab241
116,"Back to the Roots Soils, select varieties, at Walmart or Lowes",{'Packaged Meals & Sides'},fcb9b020fa156e4beca6eb6643ee9e24ff890aee0709d0e8e4e7851f51718c0a
117,Back to the Roots Grow Kits at Walmart or The Home Depot,{'Packaged Meals & Sides'},ff573991d7323459fa24f5a082341aa14fba97fe9952e277b27903e35e8e629d
118,Back to the Roots Grow Hydroponic Grow Kit OR Refill Bundle at Walmart,{'Packaged Meals & Sides'},4fadbd7a1937bba6052f4b53d00da5fe16c1949ad85e7f709c90b3f4f87d26cb
119,"Back to the Roots Seeds, at Walmart",{'Packaged Meals & Sides'},52a7f6e55831ae25b15c928d9c43bc2b0bb7c53748dc82d6fa88574692ec5b0a
120,"Back to the Roots Organic Kits and Planters, at Target",{'Packaged Meals & Sides'},104530bfdf7ab9d6a615e80ce41e4701715ac648541f53b4682a82f152fe3e54
121,"Back to the Roots Potting Mix, 1 cubic foot, at Lowe's Home Improvement",{'Packaged Meals & Sides'},a9721ec5b19797a622e8fda4a15f9aaec1371811dc69a4e1609cb056023d42f5
122,"Back to the Roots Organic 3-In-1 Seed Starting Mix 12 quart, at Walmart or Target",{'Packaged Meals & Sides'},d0b1a1b94eec91338b228a95d07ae6578dec3a996302f295d3496007656a3506
123,"Back to the Roots Soils, select varieties, at Walmart",{'Packaged Meals & Sides'},81ee9d5fbe8af572f0ae42156befe1f2d510bde27ce048111d0b54725770ef13
124,"Dove Hand Wash, select varieties, buy 2 at Target","{'Bath & Body', 'Deodorant & Antiperspirant'}",d8d36cd2915c20e77eee3579af6b081b5d0f781c3c10151fa037d283a6befde8
125,"Dove Hand Wash, select varieties at Target","{'Bath & Body', 'Deodorant & Antiperspirant'}",ae26f3c334aae66f197e22f5a63cf9f307bbf9a4987b81f93a73527b62e3bc9f
126,"Frutero Ice Cream, 1 pint",{'Frozen Desserts'},a5e062433d4864a94527b98ac740ee66449d69b48ba19ae49d2bf9505531f5b3
127,"Bio-Oil® Skincare Oil OR Gel, select varieties",{'Skin Care'},22972df40b274125050a01ebdde8535f7fa28e8c2a19ecd248c5c64b14372527
128,"Bio-Oil® products, select varieties","{'Cooking & Baking', 'Skin Care'}",e92e613929f6a6f5e9d74476e8534ec134da4d5ecfaae97a4ed9335b97086361
129,"Welch's®Fruit Snacks, select varieties, buy 2",{'Fruit & Vegetable Snacks'},8090d22eef2e594cf74f467d4578101a1f072a04605535927f1fb60d42402918
130,"Welch's® Zero Sugar Fruity Bites, 6 pack+, online at Amazon",{'Fruit & Vegetable Snacks'},4400e2c4d77de370f415ba1aba4d354add284519b4a3abf8755147ae3ae18519
131,"Welch's® Fruit Snacks, select varieties, 6 count+, buy 3",{'Fruit & Vegetable Snacks'},b2203a9d04b20c8297270241254e8da7bfaadc7ee23b480fb586d31f25e95393
132,"Welch's® Fruit Snacks, 250 count, online at Amazon",{'Fruit & Vegetable Snacks'},fa41d03bf798b28ac3579d33f588fc5aa2365c8927858ee622bb299bac499764
133,"Welch's® Juicefuls® Juicy Fruit Snacks, 14 count, at Target",{'Fruit & Vegetable Snacks'},5fa49951b17d5860e59a75215012037c46504444ccbc914f8258e14b92cc3f2d
134,"Welch's® Fruit Snacks, select varieties, 6 count+, buy 2",{'Fruit & Vegetable Snacks'},0ce6127696ffb6044964c8c90b996bc7e9e2624629270b069eb9f3ba8d9d9df8
135,"Welch's®Fruit Snacks, spend $8",{'Fruit & Vegetable Snacks'},a498fb52b4ba69ddf23bbedd2737c2e81e3d4b394ab397a43b9842fb79abb2d1
136,"Welch's® Fruit 'n Yogurt® Snacks, 18 count, at Walmart",{'Fruit & Vegetable Snacks'},6fdae19ddfd737984e7745f60bc47b813a9bfd22e1d8c4524bbb3449325e8f3c
137,"Welch's® Fruit Snacks, select varieties, 6 count+",{'Fruit & Vegetable Snacks'},a70a95c55cc87d12b2a4c53c71514ea60f2bba0161c5caa6d7f2b73d2a8f79a0
138,"Welch's® Juicefuls® Juicy Fruit Snacks, buy 2",{'Fruit & Vegetable Snacks'},ff5da38045c26a2649adbace318adbf26a5f49e7e3c6f569790c5f127326f4a6
139,Talenti Mini Bars,{'Frozen Desserts'},73e1ee35953175fb761ca995829349b824b561e9d27c207a7b0ccab69d99c5d0
140,"Molson Coors®, select varieties, 12 pack+",{'Beer'},ec37e5d6119b95c15b1085d36b1d986119dd2494ae6a5e76988c2dd89fe65805
141,"Marinela® sweet baked goods, buy 2","{'Cookies', 'Snack Cakes'}",9eb7153d33bb03649f2b085e3580a70a12901b56388602f907f7e50f46cf93c8
142,"Coors Light®, Miller Lite® OR VIZZY™ 12 pack+","{'Hard Seltzers, Sodas, Waters, Lemonades & Teas', 'Malt Beverages'}",2c25b47b66a9183a0f593b44b7d75e509d493cb4171f208cecc4060fadd5e1dd
143,"Coors Light®, Miller Lite® OR VIZZY™ 12 packs+, buy 4","{'Hard Seltzers, Sodas, Waters, Lemonades & Teas', 'Malt Beverages'}",3713420eaa4289eba624d5132f02ac2f539becb32934fcf27e145bc0f2a1864e
144,"Coors Light®, Miller Lite® OR VIZZY™ 12 packs+, buy 2","{'Hard Seltzers, Sodas, Waters, Lemonades & Teas', 'Malt Beverages'}",6002b3940dbe3a6a7d2eba2a3e5d7242ab3941b5e065714e89af297d2091984d
145,"Coors Light®, Miller Lite® OR VIZZY™ 12 packs+, buy 3","{'Hard Seltzers, Sodas, Waters, Lemonades & Teas', 'Malt Beverages'}",e50b48bbe62d7dce75dc1ff6ded8540c8831ef99acff33156f0ecc6c0b22051d
146,"Coors Light®, Miller Lite® OR VIZZY™ 12 packs+, buy 5","{'Hard Seltzers, Sodas, Waters, Lemonades & Teas', 'Malt Beverages'}",bc7239d5813cd77eb5447465b13331a30282d79b76507e55aeafe9f7caa39511
147,Little Bites® Spend $10 at Walmart®,"{'Bakery', 'Snack Cakes'}",b5fca86d6efd110d103b756bbb8883c6ae9a0f705e479b4a9feb111f770cde1a
148,Envy Apples pre-packed bags,"{'Candy', 'Sauces & Marinades'}",7115a71cadb4c66dbd924e169c4b4cb1c8add6e87458e8c6b07b8b76303583cc
149,"Envy Apples, pre-packed bags","{'Candy', 'Sauces & Marinades'}",1debef3654503884d46a49098a9b5740283136db267bc296c8e4c40ad41aba4d
150,"Ben & Jerry's Frozen Creme Brulee Non Dairy Dessert, 16 ounce",{'Frozen Desserts'},debcc3135daeb87f65139a6495d242dc7fca06a86b161505a785a61f223c97f2
151,"Ben & Jerry's® Doggie Desserts, 4 count",{'Frozen Desserts'},b03f90f91623b268aebd297a5a50e8f58871f7597adec1a76c0955cd6c62605e
152,"Ben & Jerry's Frozen Sugar Cookie Dough Chunks, 8 ounce",{'Frozen Desserts'},d8b03b81d34d9f34e65a03258ed85591e5519c6f45c0101d33017fe525bce00e
153,"Ben & Jerry's®, select varieties",{'Frozen Desserts'},11848cf65e435ce7f2ca495fe40bc55beae1e0b28762ecb0ddfc2680fb7a92ea
154,"Ben & Jerry's®, select varieties, spend $12",{'Frozen Desserts'},c3b5e511abc998e0d5702a5fe4aaacb32107b085a42a89ae236d782790c825ee
155,"Ben & Jerry's® Doggie Desserts, 4 ounce, buy 2",{'Frozen Desserts'},827c484e66198c73735878a0b46f261796bc1dd059bdf9a58bd37eb3a55697b5
156,"Ben & Jerry's Wake & No Bake Cookie Dough Ice Cream, 16 ounce",{'Frozen Desserts'},6fcd8aaad7f04d467fe4d7fab87bc3a36fd8db55b0b362752394f2354fda098b
157,Ben & Jerry's® Churray For Churros™ Ice Cream,{'Frozen Desserts'},5d3d625f07e9c507f1b8a85b064c5f62bebe9264430d25f85371369e5ec8eee2
158,"Purex® laundry detergent, select varieties, at Walmart",{'Laundry Supplies'},e311996029d2ee4f6630dfe4f1ce74610541d440a1260e4fcefbf38f50e67c37
159,Sol® 6 pack+,{'Beer'},7b88df31930971db241c56bfa7c7c82c35baab5a0fee40cbb45fe107a7e34631
160,"Michael Angelo's® OR Rao's® Frozen Entrees, spend $10",{'Frozen Meals'},32e9a20fe225aac25de2774fd1370ad15a37a6ae49ae738e009d3a8adbab7c15
161,Rao's® Frozen Pizza,"{'Frozen Pizza & Pizza Snacks', 'Frozen Meals'}",993d17ecdae4d5370b6affff53bb1b51ac6079b26b49eb98a72ed0624dfb0bd4
162,"Rao's®, Pasta OR Sauce, spend $10",{'Alfredo & White Pasta Sauce'},c753a1649c9a3d47a9313a128ae69626e067bfc8f13979671a64e6b9a1249ba9
163,"Sargento Sliced Cheese, spend $25",{'Cheese'},e01caa728230bf4824cf86a1d0d87a961326e05cbbe02e28213f42f931b75568
164,"Sargento Sliced Cheese, spend $12",{'Cheese'},0991237098b8c7df3822e2dc69a890be788818718bccfa5a0f9926dfef4a8e8e
165,"Sargento® products, select varieties",{'Cheese'},9d55c2e38155a8aa73c6422cadda5ebfec65cb158c99b67b1e71508409ff7155
166,"Sargento® products, select varieties, buy 3",{'Cheese'},42bac085aa3d289031248c1877d8935eb0f9c16c8cb51ca409dfb4ac03e9f4a0
167,"Sargento Sliced Cheese, spend $18",{'Cheese'},fc2f72c34540b9478490090103e6753fda6b92df99172ef6399bd8ec01c3846c
168,Sargento Product,{'Cheese'},3387bc2aa9717d3c25ba8448637c34c384921ec618d9ac2df3fbcab6cb1649f9
169,Country Crock® Plant Based Butter at Walmart,{'Nut Butters & Jam'},4df91e355aa508b8c2d2b400db1a655428983e511c72e85cfb6ad24742d11a35
170,Country Crock® Plant Based Cream at Walmart,{'Nut Butters & Jam'},2a7c14f1b3ea7077f4b9c4b0de959b8124dfad73b3f58fa77428df1521f7b5c5
171,AleveX™ at Walmart,{'Medicines & Treatments'},d351b19807d2abd88c259fb9bb3f82f0e7e6b2334fbbdc491fce9c8890e7dd03
172,"Aleve® products, select varieties, 80 count+ at Walmart",{'Medicines & Treatments'},237f0f2489c734a82f23174ee778959e1386137c9aca1e00da4f8d9496082144
173,"Aleve® products AND AleveX™, select varieties, at Walmart",{'Medicines & Treatments'},53206ca7d8bb05db7925c0a200643dc2ed0cd75bf947de8408b3ba14b76e69c9
174,"Magnum Non-Dairy Hazelnut Crunch Ice Cream Bars, 3 count",{'Frozen Desserts'},ab995597ab291b8cb13dd602e3a50add640adc1d600cd28eb89d184f8b332b8b
175,"Thomas'® Bagel Thins®, buy 2","{'Bakery', 'Bread'}",72e93bc98a523c1bf148821d0bf32af7b295f3294cdb7bcf2f6d96b6d2034e88
176,"Thomas'®, select varieties, spend $10","{'Bakery', 'Bread', 'Frozen Breakfast'}",d9d6f968c87709902cb15b19c005154fdf35334103af9c83d04fe281a0f96b83
177,Thomas'® Bagel Thins,"{'Bakery', 'Bread'}",cd63cdea54f649836927c6fb120bfd865a6f9fd15da72a20db4d385b5ff6c65e
178,"Artesano® buns, buy 2 at Walmart®","{'Bakery', 'Bread'}",de56475ddf10654625466f920d17d3da46cede9b18fd6aee08eb84a0583dd1c5
179,"STARBURST®, select sizes, buy 1","{'Candy', 'Fruit & Vegetable Snacks', 'Gum'}",798e20166d01e5a60d0194ab6aaeab1a7a3f52a7682f92eb9e6fea9000cd0f0d
180,"STARBURST®, select varieties","{'Candy', 'Fruit & Vegetable Snacks', 'Gum'}",bf94bdf6021d8f727517c3aab4c1cfe169f1a700f44259bd6a7a718105be151a
181,Fresh Step® Outstretch® Cat Litter,{'Bath & Body'},1e78d04fda08868424cf873ed79cf2cd75dde4255f93e7f6eae80e8529966d4a
182,"Burt's Bees Sensitive Lotions and Creams, select varieties, at Walmart",{'Skin Care'},7ef5a49702bde42ac56546d0667e7e7b64018a88b8d2f083fccf36e03e20bba7
183,"Burt's Bee's® Facial Wipes, select varieties, 30 count at Walmart",{'Skin Care'},d0ee8e4e5fa8cd623b3b68b99b3bb0e0b5b13eb5df1b010c45c38f9925a98e33
184,"Burt's Bees® products, select varieties, at Walmart","{'Hair Removal', 'Skin Care'}",65812abef19f6f31503de7d7ca4ec0c49dce85ebca990eec1c48d42f8cbcdfc5
185,"Burt's Bees® Sensitive Lotions and Creams, select varieties, at Walmart",{'Skin Care'},692f4e9588d4c6df00221ed3716c1222ecf17e65aa622b7dee97fcf5229372bc
186,"Durex® Massage & Play 2 in 1 Pleasure Gel, select varieties, at Walmart or Target",{'Sexual Health'},49cd959d2a8e4f598c47a76d05ec7c4b505718a3c9798ce111b1d2bfa7333feb
187,LIFE SAVERS®,{'Candy'},7c499fc5610d75b42148650ea198755042e8c9ea7157592721eab17636ce30f3
188,"LIFESAVERS®, any size, buy 1",{'Candy'},0d8187e87c39f3801de870c4a5cec5b7f4604307d5fa5410a8823c7f70047217
189,"RESPAWN® by 5® GUM, at Walmart",{'Gum'},9cf94b2841e0e80efa3cc4828068b606ef3e433cb63b4ad76895b9729a8d5c3b
190,Wesson® Oil Products,{'Cooking & Baking'},502cb2746f026f0688007914cfa3d8f01c8aa01cf471eab0d2e670d2759769e4
191,"Bubbies Pickles, Sauerkraut, and Condiments at Whole Foods or Sprouts",{'Prepared Meals'},87e575cac8ea6e158a3669db2756c951b8a146a83b00a293faeaea0079bba029
192,"Bubbies Pickles, Sauerkraut, OR Condiments at Whole Foods or Sprouts",{'Prepared Meals'},b2297e27219cff938007165fc03903d3acf537a7a358b51e453be528e1e5c0b1
193,Michael Angelo's® Sauce at Walmart,{'Sauces & Marinades'},785d4579ad9d67fd5188cbf42d013bf08a269d91c676ba55f97fca1e048048f7
194,"Beech-Nut snacks, select varieties",{'Nuts & Seeds'},5fea362dad5f369f38e764e7ccca73928c597258b37a9877df7cc168d2c74952
195,"Beech-Nut pouches, buy 8","{'Fruit & Vegetable Snacks', 'Nuts & Seeds'}",1c8831d39b69b0091e13e20b5ffc186cf5857f65af827cca8551836c3d1de9a6
196,Brita® Pitcher AND Filter,{'Household Supplies'},7552e11eb23889bf4d6b351447702d5dbc5c29366d3d29af7f60b6a825a7b930
197,Brita® Standard OR Elite Filters,"{'Water', 'Household Supplies'}",411c14edcb64478ed58b3be7c7fc489ba71ca4cf841fb5b09a343397046bca0e
198,Brita® Pitcher OR Dispenser,"{'Water', 'Household Supplies'}",8234a05fef8d01fbc087ecbd54697dd131ee09b57fcf92488696a713919d4577
199,"SNICKERS®, select sizes, buy 1",{'Candy'},d99e70de7249c2e16c29853fb20fe039eae81373542ce994e813e6ca6f4f0297
200,"SNICKERS® chocolate candy bar, select varieties",{'Candy'},20fca101175d436fef332248af564d730f415148c02f18ac86706a95a503c1eb
201,"Kodiak® products, select varieties, spend $10","{'Cereal, Granola, & Toaster Pastries'}",213e14e3cdb0d0092de66f0e58b026eb9c59e251c7dc56c601419184c4435072
202,Bays® English Muffins,{'Bread'},ef9010db7b7b956eb71469a4a5630c993874471241876585b2fc579f38a733a0
203,"Super Coffee, 12 ounce single serve, buy 3",{'Coffee'},ae535ae53d735271b7d0e5ae2cf038485407b2a8964364a051969b24edefae7b
204,"Super Coffee, 12 ounce single serve",{'Coffee'},8e36a88f034f1a2bd46ba60535d1446ef00a901721d6dff8ec277ff1d301cd0f
205,GOYA® Coconut Water,{'Water'},2f29c5add52e1565fc6b3b3307df90bbfb0ac194c9528002b210d7dd5e63cc6a
206,Spend $10 at Subway,{'Cooking & Baking'},63aced7950e58166fa60240e910fb07ce0f7294d69a8845a81934dc72e057d6f
207,Spend $25 at Subway,{'Cooking & Baking'},2c5d9b33924dd90854bd3793cc6bbc7f33d8951039b75d0a7fa68847bbb14d5b
208,Spend $15 at Subway,{'Cooking & Baking'},d72480b7afdebad95116d71780d983ce0a7f0b296581592da358d2e7fc5025e1
209,Spend $35 at Subway,{'Cooking & Baking'},0bd24f57aa7837949b411d607b7b6ce188ca05729c376d9ad7d4da2bd87133f7
210,Spend $140 at Shaws,{'Cooking & Baking'},8925bb298f831b7154cd1ca1c9622d9e74b6d14068840bd67d3ac1e57052715d
211,Spend $185 at Shaws,{'Cooking & Baking'},bd1eae7d9443fe6acad2c85e60fd699f803c6199213192fb1a954a738ea8878e
212,Shop 2 times at Shaw's,{'Cooking & Baking'},213e9eb03ced231d2955821639de3923034632398c959e70f8fe1a91e30cdc2f
213,Any Shaw's receipt,{'Cooking & Baking'},52069742b9ddea891cdbbed9d9a057f07e675a452b951e6188e3e128ecc0fbca
214,Spend $300 at Shaws,{'Cooking & Baking'},aebad0c954bb44ef37fa131ec8dfd7616aec5f7bf72698b016fe519cc86866f9
215,Shop 2 times at ACME,{'Medicines & Treatments'},70edd93e396d47fecfb2beff21ce576c7fa9da0382d3086ae811e9f49612a899
216,Spend $90 at ACME,{'Medicines & Treatments'},b7673b5c17d07e99be4427d5af194cfd1a2507d9b5063794d70c944325e28628
217,Spend $250 at ACME,{'Medicines & Treatments'},38a3c64d573e88c788fd0fcae34de36653e5a954be7385ec0a7517b433f6b7b7
218,Any ACME receipt,{'Medicines & Treatments'},f31fd85c4e8d0cc7b648a724d2e69b717d414eeb4f67b878bddea8933ab6ed5b
219,Spend $130 at ACME,{'Medicines & Treatments'},d5ac55d124ccda24ec1a956481f2b395c9c175c66cb3976446cdcc66b24f192b
220,Order from Casey's app or Caseys.com,"{'Frozen Pizza & Pizza Snacks', 'Cooking & Baking'}",267d3756b3d44a3d5f7e85fd5b4bd92e00266e7ca71ada1e35d4d63daaa98014
221,Spend $25 at Casey's,"{'Frozen Pizza & Pizza Snacks', 'Cooking & Baking'}",389c195021a239f2c013c9f91ef6a814f7296419cd8839dd9762a5a8709dcec5
222,Spend $5 in-store at Casey's,"{'Frozen Pizza & Pizza Snacks', 'Cooking & Baking'}",fd11c2e06fa5d47ebc69affbebc511dc790282fd5e3570101ef5da54fdb34536
223,Select beverages AND prepared food items at Casey's,"{'Frozen Pizza & Pizza Snacks', 'Cooking & Baking'}",d7d6bd0993c3c2b32c02018a355dc19359459c3e515b00ee9e0f645f5d564045
224,Visit OR order online from Casey's 7 times,"{'Frozen Pizza & Pizza Snacks', 'Cooking & Baking'}",ff0fd6bab3695a28b4d13909ff65707a2166ff35e488da80ab8585ebe6e4c770
225,Spend $5 on single-serve prepared food items at Casey's,"{'Frozen Pizza & Pizza Snacks', 'Cooking & Baking'}",810537e67a8420292e693d8017c616ad6a0444bbe823913f0fafd4782aa30488
226,12 Pack OR 2 Liter AND Whole Pizza Pie at Casey's,"{'Frozen Pizza & Pizza Snacks', 'Cooking & Baking'}",e552fb30b31d6735163b009053d21ef6fe2f753a76f64a19ce869d0c2a2b7ce5
227,Whole Pizza at Casey's,"{'Frozen Pizza & Pizza Snacks', 'Cooking & Baking'}",52feda4d5ab8624c509dd804c92a5ba445b146197bfa77c34a7876bfe874ff07
228,Wings OR Cheesy Breadsticks at Casey's,"{'Frozen Pizza & Pizza Snacks', 'Cooking & Baking'}",468361642026ec49c8220c4c0e957718526ca1dac25fec95c922936b778675bf
229,Whole Pizza Pie at Casey's,"{'Frozen Pizza & Pizza Snacks', 'Cooking & Baking'}",aa38a729cefe90ca4f21dd0dbc588962e5bf62470d3bfb4ec2b53bc2b40241a8
230,Frozen OR Fountain Drink at Casey's,"{'Frozen Pizza & Pizza Snacks', 'Cooking & Baking'}",e531437a9e20a918cc562011f93f2e0659f34efb5d9e8045a68de96ac4ec0725
231,Spend $10 in-store at Casey's,"{'Frozen Pizza & Pizza Snacks', 'Cooking & Baking'}",87cd5eb509cfb035fb55996eb324ae044553b9b49e3185bcb35315ac71d91adf
232,"Fresh bakery item, select varieties, at Casey's","{'Frozen Pizza & Pizza Snacks', 'Cooking & Baking'}",c218de2b876542edf789d70ef0a60be2dab28a2d40650308fd5ac94888978338
233,Whole pizza at Casey's,"{'Frozen Pizza & Pizza Snacks', 'Cooking & Baking'}",7b2f37921e14f9e43f7660a304d18c084331df2165f2dda750833d9704ead535
234,12 Pack OR 2 Liter AND Whole Pizza at Casey's,"{'Frozen Pizza & Pizza Snacks', 'Cooking & Baking'}",6b51ca91094e20b3667b87a2573dbccd52ba601be64a594fc86771e92c839b5d
235,Frozen OR Fountain Drink at Casey's ,"{'Frozen Pizza & Pizza Snacks', 'Cooking & Baking'}",c1a1a7bf14cde49fa556fd87716141f91bd14dc2c28db5c0bf0c12fc28b24830
236,Visit OR order online from Casey's 3 times,"{'Frozen Pizza & Pizza Snacks', 'Cooking & Baking'}",b0215874c87b04df2ddc1614bca7472911203509af9cdc11627d1ac3848d83b4
237,Visit OR order online from Casey's 5 times,"{'Frozen Pizza & Pizza Snacks', 'Cooking & Baking'}",539c7dd29d3c33f5fffe785e492017417db7835dd076a4618f5d1c0a73509820
238,12 pack OR 2 liter AND Whole Pizza at Casey's,"{'Frozen Pizza & Pizza Snacks', 'Cooking & Baking'}",4dd1b018242e455caba5259e4dbc4a72b38535b62b721ecb1226024139780e46
239,Whole Pizza at Casey's ,"{'Frozen Pizza & Pizza Snacks', 'Cooking & Baking'}",607912dc385b5662f39e2a904f30fe8d488a55d2f6b9f5c7cd9bb0ff48293456
240,"Fresh Bakery Products at Casey's, select varieties","{'Frozen Pizza & Pizza Snacks', 'Cooking & Baking'}",21c6e24c3cf5662b4d62f535739fe513ff5422c3a120616d6395be599e8874d6
241,Spend $10 on Casey's branded packaged products,"{'Frozen Pizza & Pizza Snacks', 'Cooking & Baking'}",172ea7d0860768b21439d758faf3249ac4b077a1b8e265262d601bc90a4acab1
242,2 Pack OR 2 Liter AND Whole Pizza at Casey's,"{'Frozen Pizza & Pizza Snacks', 'Cooking & Baking'}",993873d2964452ba33d63ae27fb9dac406534abab52d07dbab27c12c9313df39
243,Select Beverages AND Prepared Food Item at Casey's,"{'Frozen Pizza & Pizza Snacks', 'Cooking & Baking'}",cbf19bfdad27a6e92c60646ddfdae4d43b460f5473e183f8792779c973ee3884
244,"Fresh Bakery items, select varieties, at Casey's","{'Frozen Pizza & Pizza Snacks', 'Cooking & Baking'}",b928a33d6431f8886d812c3e1297b32104aac53568a8c27e54bc66f711e0b8f4
245,Spend $5 on brisket mac & cheese sandwich OR other single-serve prepared food item,"{'Frozen Pizza & Pizza Snacks', 'Cooking & Baking'}",3c26e01d43113be96bffc894ca4f46471c7acd2802d8dbf572ba9b9b6467fcbe
246,Any Vons receipt,{'Spirits'},135b69c231c0c506af9c34aef96c9951f739996157df88b4704ff0f31261c67e
247,Spend $150 at Vons,{'Spirits'},2b41ac4b1fa1f7b348ca13fb1129321ba69e4f850eefd11322ba3428590643cb
248,Spend $100 at Vons,{'Spirits'},c1d92c654171bb14fec4d8215665f60e65f45b83243979c300296f7b8c528577
249,Spend $275 at Vons,{'Spirits'},48133be655ff6b8aa55bf17baf0ac29b84d305ba0f202acb98d29feffe78786c
250,Shop 2 times at Vons,{'Spirits'},991d2bcc64ff14ea77e69a62486b404bd9837776fa2282f5befca9bb23e6c645
251,Any Albertsons receipt,{'Candy'},9e147f174c3dd61e58f33078a8cce84797d1d638908c581bbb452860578e1756
252,Shop 2 times at Albertsons,{'Candy'},b92a88dc3e6d4ed6edbd391f66dd8f578d73f7ab2ea4a68bbac2427cdf6bf7bf
253,Spend $65 at Albertsons,{'Candy'},1edd02577839d2136dcc6056452284d781ebcff09a14be28273add11c5ac5661
254,Spend $110 at Albertsons,{'Candy'},5340c867ef07948c584a4c9aa7809750db9de37dfb6713cb033afeac42825af6
255,Spend $220 at Albertsons,{'Candy'},cb4288e5dbdfcd5244444cc1cd6bcf9f58c0fd7c266be3f23c172a1f6868f6d6
256,Sign up for The Club Card or The Club+ Card full-priced membership* (New Members Only),{'Cooking & Baking'},b48341d8ccf16c39e68276343d444fc25c71155cd188b3b757b926a57e3e13ee
257,Shop 2 times at Safeway,{'Candy'},2e14160d2e28c9b355c0a77184ae681102f8a7615a8d45fc2fdae37279223581
258,Spend $210 at Safeway,{'Candy'},23a8f3dc14a45400698c1959d48b627aba64f4c89e70e676a38ee7e5f886d29b
259,Any Safeway receipt,{'Candy'},4878f774d8aa0e3742616bd60f25378e6894918fed01d26eb5ce9e9360ea1769
260,Spend $115 at Safeway,{'Candy'},c401770bfd4ab8e22d5468aafeddbec7f6975ee83918529c1a2304f99599200e
261,Spend $90 at Safeway,{'Candy'},d3c474315c44af4d754185d95df9650d6ea9e3dbc14b9a3d2cf1cd3aeccd5512
262,Spend $60 at TGI Friday's,"{'Spirits', 'Malt Beverages'}",4c2a10ff640244f2fefb76bae670aa5976047ca312fffd64b4e8dc5c17418560
263,Spend $35 at TGI Friday's,"{'Spirits', 'Malt Beverages'}",0c63ccf8aaae4fc9b473759bd331df2851c67c7928cdfeb16f6b24c1e882c190
264,Spend $45 at TGI Friday's,"{'Spirits', 'Malt Beverages'}",16d51d22f8fcb776b297334ac84a4e60ac763db631aaba2b2cc5ef869f2551d1
265,Spend $25 at TGI Friday's,"{'Spirits', 'Malt Beverages'}",f14a7f3f4494ec28d3e10216d750ff404967c749bc9400cbd83b9269555323a7
266,Spend $155 at Pavilions,{'Cooking & Baking'},c83d82d07499ab032d6c69273fec45b7ab381c7fdc33267775f3d021c275b90b
267,Shop 2 times at Pavilions,{'Cooking & Baking'},af4e625b514b1c3173519d5b42ff02cc436c147edee67dffc9af2812cf3a7f09
268,Spend $100 at Pavilions,{'Cooking & Baking'},f470975849d4df32bf03637dac33facd5c8ac861103e9c27a42da20bd2017fe9
269,Any Pavilions receipt,{'Cooking & Baking'},c3c07052ec086e00831385e554f6bec44b883204375846e7d640cfc87acbbdaa
270,Spend $270 at Pavilions,{'Cooking & Baking'},0550e3939f4b6f808f10beb419380f1e0aea38d53999e24c835be928a26a0efe
271,Spend $90 at Star Market,{'Cooking & Baking'},4c7baa5b06e3fe8bf60571a82c50d6b1786168043a89c83f55905f60f115b5a7
272,Shop 2 times at Star Market,{'Cooking & Baking'},5e798b30256e86e2cac7b2ff07739794824010a67d24e528edafe5c0c538429a
273,Spend $120 at Star Market,{'Cooking & Baking'},5c4637260830e9d0bd6d63295f149ffb770f284b6f5b9f978223753feaf5c227
274,Spend $220 at Star Market,{'Cooking & Baking'},8cd6f87a72c2f776a15acff54e3fcdd11e82aab4e667758f0986decf8d8fb16f
275,Any Star Market receipt,{'Cooking & Baking'},9986bb85b43a7f45c59fe5f28fecfebcee8968241cd05be134009699fea4a30a
276,Blue Apron Meal Kits,{'Cooking & Baking'},6e0a29e23824e0bbdab1d9de8a0423e815247d40ee39215edaecb9993d7f6dc2
277,"Sign up for McAlister's Deli Rewards, tap for details","{'Pasta & Noodles', 'Fruit & Vegetable Snacks', 'Wine', 'Bread', 'Cookies', 'Dips & Salsa', 'Packaged Meals & Sides', 'Dressings', 'Cooking & Baking', 'Fruit Juices', 'Cheese', 'Leafy Salads', 'Soup & Broth', 'Frozen Turkey', 'Bakery', 'Water', 'Coffee', 'Prepared Meals', 'Milk', 'Frozen Meals', 'Sauces & Marinades', 'Carbonated Soft Drinks', 'Chips', 'Frozen Chicken', 'Candy', 'Pickled Goods', 'Packaged Fruit & Applesauce', 'Tea'}",8d0c3e5e10bc5f95fccf78560d86cc4120c1b92c779ecc40b9cbcdbe7a7e6b61
278,Spend $10 at CVS,"{'Medicines & Treatments', 'Fruit Juices', 'Cooking & Baking', 'Skin Care'}",34c426aac16792b1dd255e5104d844287c73fdaea9ce9d1d749c3c87c3ca6a95
279,Spend $30 at CVS,"{'Medicines & Treatments', 'Fruit Juices', 'Cooking & Baking', 'Skin Care'}",81f310f777fa464b8e0c776cee4c932dab3b3642ea4e8ee829e9ae7973cf1a59
280,Spend $15 at Burger King,{'Cooking & Baking'},7ff00fd44bd2df33cc2ed59ad676fbfca112aa11a6ec69be8b369a8a99d415f3
